"Read Details","Прочитај детали",module,Magento_AdminNotification
"Mark as Read","Означи како прочитано",module,Magento_AdminNotification
"Are you sure?","Дали сте сигурни?",module,Magento_AdminNotification
Remove,Избриши,module,Magento_AdminNotification
"Messages Inbox","Сандаче со пораки",module,Magento_AdminNotification
close,затвори,module,Magento_AdminNotification
Notifications,Известувања,module,Magento_AdminNotification
"The message has been marked as Read.","Пораката е означена како прочитена.",module,Magento_AdminNotification
"Please select messages.","Ве молиме изберете порака.",module,Magento_AdminNotification
"The message has been removed.","Пораката е избришена.",module,Magento_AdminNotification
"1 Hour","1 час",module,Magento_AdminNotification
"2 Hours","2 часа",module,Magento_AdminNotification
"6 Hours","6 часа",module,Magento_AdminNotification
"12 Hours","12 часа",module,Magento_AdminNotification
"24 Hours","24 часа",module,Magento_AdminNotification
critical,критично,module,Magento_AdminNotification
major,големо,module,Magento_AdminNotification
minor,мало,module,Magento_AdminNotification
notice,забелешка,module,Magento_AdminNotification
Close,Затвори,module,Magento_AdminNotification
"Critical System Messages","Критични системски пораки",module,Magento_AdminNotification
"Major System Messages","Важни системски пораки",module,Magento_AdminNotification
"System messages","Системски пораки",module,Magento_AdminNotification
"Please choose a payment method.","Ве молиме изберете начин на плаќање.",module,Magento_Authorizenet
"Credit Card Type","Број на кредитната картичка",module,Magento_Authorizenet
"Credit Card Number","Број на кредитната картичка",module,Magento_Authorizenet
Orders,Нарачки,module,Magento_Backend
Amounts,Суми,module,Magento_Backend
Bestsellers,Најпродавани,module,Magento_Backend
"Most Viewed Products","Најмногу видени продукти",module,Magento_Backend
"New Customers","Нови купувачи",module,Magento_Backend
Customers,Купувачи,module,Magento_Backend
Customer,Купувач,module,Magento_Backend
Guest,Гостин,module,Magento_Backend
Items,Продукти,module,Magento_Backend
Total,Вкупно,module,Magento_Backend
Average,Просек,module,Magento_Backend
Product,Продукт,module,Magento_Backend
Price,Цена,module,Magento_Backend
Quantity,Количина,module,Magento_Backend
Views,Прегледи,module,Magento_Backend
Tax,Данок,module,Magento_Backend
Shipping,Испорака,module,Magento_Backend
"Images (.gif, .jpg, .png)","Слики (.gif, .jpg, .png)",module,Magento_Backend
"Media (.avi, .flv, .swf)","Медија (.avi, .flv, .swf)",module,Magento_Backend
"All Files","Сите датотеки",module,Magento_Backend
"Reset to Default","Ресетирај на предодредено",module,Magento_Backend
"What is this?","Што е ова?",module,Magento_Backend
"Save Account","Зачувај профил",module,Magento_Backend
"My Account","Мојот профил",module,Magento_Backend
"Account Information","Информации за профилот",module,Magento_Backend
"User Name","Корисничко име",module,Magento_Backend
"First Name",Име,module,Magento_Backend
"Last Name",Презиме,module,Magento_Backend
Email,Емаил,module,Magento_Backend
"New Password","Нова лозинка",module,Magento_Backend
"Password Confirmation","Потврди лозинка",module,Magento_Backend
"Your Password","Вашата лозинка",module,Magento_Backend
Refresh,Освежи,module,Magento_Backend
Clear,Исчисти,module,Magento_Backend
"Inventory Stock Status","Статус на залихи",module,Magento_Backend
"No change","Нема промена",module,Magento_Backend
Disable,Оневозможи,module,Magento_Backend
Enable,Овозможи,module,Magento_Backend
Back,Назад,module,Magento_Backend
Delete,Избриши,module,Magento_Backend
"Are you sure?","Дали сте сигурни?",module,Magento_Backend
Save,Зачувај,module,Magento_Backend
Store,Продавница,module,Magento_Backend
"-- Please Select --","-- Ве молиме изберете --",module,Magento_Backend
"Date From","Датум од",module,Magento_Backend
"Date To","Датум до",module,Magento_Backend
Cancel,Откажи,module,Magento_Backend
"Delete %1 '%2'","Избриши %1 '%2'",module,Magento_Backend
"Delete %1","Избриши %1",module,Magento_Backend
Yes,Да,module,Magento_Backend
No,Не,module,Magento_Backend
"Delete Store","Избриши Продавница",module,Magento_Backend
"Save Store","Зачувај Продавница",module,Magento_Backend
"New Web Site","Нов веб сајт",module,Magento_Backend
"Edit Store","Измени продавница",module,Magento_Backend
"New Store","Нова продавница",module,Magento_Backend
"Store Information","Информации за продавницата",module,Magento_Backend
Name,Име,module,Magento_Backend
Code,Код,module,Magento_Backend
Status,Статус,module,Magento_Backend
Disabled,Оневозможено,module,Magento_Backend
Enabled,Овозможено,module,Magento_Backend
"Web Site Information","Информации за веб сајтот",module,Magento_Backend
"Default Store","Главна продавница",module,Magento_Backend
"Set as Default","Дефинирај како главна",module,Magento_Backend
Stores,Продавници,module,Magento_Backend
"Create Website","Креирај веб сајт",module,Magento_Backend
"Create Store","Креирај продавница",module,Magento_Backend
Home,Дома,module,Magento_Backend
Reset,Ресетирај,module,Magento_Backend
"Are you sure you want to do this?","Дали сте сигурни дека сакате да го направете ова?",module,Magento_Backend
"Add New Image","Додади нова слика",module,Magento_Backend
"Reset Filter","Ресетирај филтер",module,Magento_Backend
Search,Барај,module,Magento_Backend
Any,"Било кое",module,Magento_Backend
"All Countries","Сите држави",module,Magento_Backend
From,Од,module,Magento_Backend
To,До,module,Magento_Backend
"[ deleted ]","[ избришено ]",module,Magento_Backend
"Select All","Селектирај ги сите",module,Magento_Backend
"Add New","Додади нов",module,Magento_Backend
Export,Извоз,module,Magento_Backend
"Please select items.","Ве молиме изберете продукти.",module,Magento_Backend
Submit,Поднеси,module,Magento_Backend
"You have logged out.","Се одјавивте.",module,Magento_Backend
Error,Грешка,module,Magento_Backend
"You need more permissions to do this.","Потребна ви е дозвола за да го правите ова.",module,Magento_Backend
"You saved the design change.","Ги зачувавте измените на дизајнот.",module,Magento_Backend
System,Систем,module,Magento_Backend
"Manage Stores","Менаџирај продавници",module,Magento_Backend
"This store cannot be deleted.","Оваа продавница неможе да се избрише.",module,Magento_Backend
"New ","Нов ",module,Magento_Backend
"Last 24 Hours","Последните 24 часа",module,Magento_Backend
"Last 7 Days","Последните 7 дена",module,Magento_Backend
"Current Month","Тековен месец",module,Magento_Backend
Order,Нарачка,module,Magento_Backend
"Order #%1","Нарачка #%1",module,Magento_Backend
"Welcome, please sign in","Добредојдовте, ве молиме најавете се",module,Magento_Backend
"user name","корисничко име",module,Magento_Backend
password,лозинка,module,Magento_Backend
"Sign in","Најави се",module,Magento_Backend
"Last Orders","Последни нарачки",module,Magento_Backend
"Last Search Terms","Последни пребарувани термини",module,Magento_Backend
"Top Search Terms","Топ пребарувани термини",module,Magento_Backend
"Sign Out","Одјави се",module,Magento_Backend
"About the calendar","За календарот",module,Magento_Backend
Close,Затвори,module,Magento_Backend
"Go Today","Оди денес",module,Magento_Backend
Previous,Претходно,module,Magento_Backend
Next,Следно,module,Magento_Backend
Time,Време,module,Magento_Backend
Hour,Час,module,Magento_Backend
Minute,Минута,module,Magento_Backend
Catalog,Каталог,module,Magento_Backend
Images,Слики,module,Magento_Backend
"Big Image","Голема слика",module,Magento_Backend
"Additional Settings","Дополнителни сетинзи",module,Magento_Backend
"per page","по страна",module,Magento_Backend
"Previous page","Претходна страна",module,Magento_Backend
"of %1","од %1",module,Magento_Backend
"Next page","Следна страна",module,Magento_Backend
"Export to:","Експорт во:",module,Magento_Backend
Actions,Акции,module,Magento_Backend
"Unselect All","Деселктирај ги сите",module,Magento_Backend
"Select Visible","Селектирај видливи",module,Magento_Backend
"Unselect Visible","Деселектирај видливи",module,Magento_Backend
Loading...,Вчитување...,module,Magento_Backend
System,Систем,module,Magento_Backup
Tools,Алатки,module,Magento_Backup
failed,неуспешно,module,Magento_Backup
successful,успешно,module,Magento_Backup
"Please correct the password.","Ве молиме корегирајте ја лозинката.",module,Magento_Backup
"Are you sure you want to continue?","Дали сте сигурни дека сакате да продолжете?",module,Magento_Backup
Country,Држава,module,Magento_Braintree
"Add Rule","Додадете правило",module,Magento_Braintree
"Credit Card Number","Број на кредитната картичка",module,Magento_Braintree
"Please Select","Ве молиме изберете",module,Magento_Braintree
Delete,Избриши,module,Magento_Braintree
Back,Назад,module,Magento_Braintree
"* Required Fields","* Задолжителни полиња",module,Magento_Braintree
"Billing Address","Адреса за плаќање",module,Magento_Braintree
"First Name",Име,module,Magento_Braintree
"Last Name",Презиме,module,Magento_Braintree
Actions,Акции,module,Magento_Braintree
Yes,Да,module,Magento_Braintree
Edit,Измени,module,Magento_Braintree
"-- Select --","-- Избери --",module,Magento_Bundle
"Delete Option","Избриши опција",module,Magento_Bundle
Product,Продукт,module,Magento_Bundle
Price,Цена,module,Magento_Bundle
Delete,Избриши,module,Magento_Bundle
"Use Default Value","Користи предодрена вредност",module,Magento_Bundle
"Please specify product option(s).","Ве молиме дефинирајте оција/ии на продуктот.",module,Magento_Bundle
"The required options you selected are not available.","Задолжителните опции кои ги избравте не се достапни.",module,Magento_Bundle
"Please select all required options.","Ве молиме изберете ги сите задолжителни опции.",module,Magento_Bundle
Percent,Процент,module,Magento_Bundle
None,Нема,module,Magento_Bundle
"Choose a selection...","Одбери селекција...",module,Magento_Bundle
Separately,Разделено,module,Magento_Bundle
Together,Заедно,module,Magento_Bundle
"Option Title","Наслов на опцијата",module,Magento_Bundle
Position,Позиција,module,Magento_Bundle
"There are no products in this option.","Нема продукти во оваа опција.",module,Magento_Bundle
"New Option","Нова опција",module,Magento_Bundle
Default,Предодредено,module,Magento_Bundle
Name,Име,module,Magento_Bundle
"Default Quantity","Предодредена количина",module,Magento_Bundle
Ordered,Нарачено,module,Magento_Bundle
Invoiced,Фактурирано,module,Magento_Bundle
Canceled,Откажено,module,Magento_Bundle
"Go back to product details","Назад кон деталите на продуктот",module,Magento_Bundle
"Customize and Add to Cart","Прилагодете и додадете во кошничка",module,Magento_Bundle
"* Required Fields","* Задолжителни полиња",module,Magento_Bundle
"In stock","На залиха",module,Magento_Bundle
Message:,Порака:,module,Magento_Bundle
Always,Секогаш,module,Magento_Captcha
"After number of attempts to login","После број на обиди за најавување",module,Magento_Captcha
"Reload captcha","Нов код",module,Magento_Captcha
"Customer Group","Група на купувачи",module,Magento_CatalogInventory
"Minimum Qty","Минимална кол.",module,Magento_CatalogInventory
"Allow Qty Below 0","Дозволи кол. под 0",module,Magento_CatalogInventory
"In Stock","На залиха",module,Magento_CatalogInventory
"Out of Stock","Нема на залиха",module,Magento_CatalogInventory
"Only %1 left","Само %1 останат/и",module,Magento_CatalogInventory
"Product Name","Име на продуктот",module,Magento_CatalogInventory
Qty,Кол,module,Magento_CatalogInventory
"Save and Apply","Зачивај и примени",module,Magento_CatalogRule
"Save and Continue Edit","Зачивај и продолжи да изменуваш",module,Magento_CatalogRule
Actions,Акции,module,Magento_CatalogRule
No,Не,module,Magento_CatalogRule
Yes,Да,module,Magento_CatalogRule
Description,Опис,module,Magento_CatalogRule
Status,Статус,module,Magento_CatalogRule
Active,Активен,module,Magento_CatalogRule
Inactive,Неактивен,module,Magento_CatalogRule
Product,Продукт,module,Magento_CatalogRule
"Unknown action.","Непозната акција.",module,Magento_CatalogRule
Home,Дома,module,Magento_CatalogSearch
"Go to Home Page","Оди на почетната страна",module,Magento_CatalogSearch
All,Сите,module,Magento_CatalogSearch
Yes,Да,module,Magento_CatalogSearch
No,Не,module,Magento_CatalogSearch
Results,Резултати,module,Magento_CatalogSearch
Grid,Мрежа,module,Magento_CatalogSearch
List,Листа,module,Magento_CatalogSearch
Relevance,Релевантност,module,Magento_CatalogSearch
"Search results for: '%1'","Резултати од пребарувањето за: '%1'",module,Magento_CatalogSearch
"%1 and greater","%1 и поголем",module,Magento_CatalogSearch
"up to %1","до %1",module,Magento_CatalogSearch
Search,Барај,module,Magento_CatalogSearch
"Advanced Search","Напредно пребарување",module,Magento_CatalogSearch
"<strong>%1 item</strong> were found using the following search criteria","<strong>%1 продукт</strong> е пронајден користејќи ги следните параметри",module,Magento_CatalogSearch
"<strong>%1 items</strong> were found using the following search criteria","<strong>%1 продукти</strong> се пронајдени користејќи ги следните параметри",module,Magento_CatalogSearch
name,име,module,Magento_CatalogSearch
"Don't see what you're looking for?","Неможеш да го најдеш тоа што го бараш?",module,Magento_CatalogSearch
"Save Category","Зачувај категорија",module,Magento_Catalog
Name,Име,module,Magento_Catalog
Price,Цена,module,Magento_Catalog
Position,Позиција,module,Magento_Catalog
Day,Ден,module,Magento_Catalog
Month,Месец,module,Magento_Catalog
Year,Година,module,Magento_Catalog
"Add Product","Додади продукт",module,Magento_Catalog
label,ознака,module,Magento_Catalog
"Save and Continue Edit","Зачивај и продолжи да изменуваш",module,Magento_Catalog
"Save Attribute","Зачувај атрибут",module,Magento_Catalog
Gallery,Галерија,module,Magento_Catalog
No,Не,module,Magento_Catalog
Yes,Да,module,Magento_Catalog
Back,Назад,module,Magento_Catalog
Delete,Избриши,module,Magento_Catalog
Save,Зачувај,module,Magento_Catalog
"Close Window","Затвори го прозорецот",module,Magento_Catalog
"New Product","Нов продукт",module,Magento_Catalog
"Save & Edit","Зачивај & Измени",module,Magento_Catalog
"Save & New","Зачувај & Ново",module,Magento_Catalog
"Save & Duplicate","Зачивај & Дуплирај",module,Magento_Catalog
"Save & Close","Зачувај & Затвори",module,Magento_Catalog
Attributes,Атрибути,module,Magento_Catalog
Change,Промени,module,Magento_Catalog
"Category Name","Име на категорија",module,Magento_Catalog
"First Name",Име,module,Magento_Catalog
"Last Name",Презиме,module,Magento_Catalog
Email,Емаил,module,Magento_Catalog
"Last Notified","Последно известен",module,Magento_Catalog
Status,Статус,module,Magento_Catalog
Visibility,Видливост,module,Magento_Catalog
"Add New Option","Додади нова опција",module,Magento_Catalog
"Import Options","Увези опции",module,Magento_Catalog
"Use Default","Користи предодредено",module,Magento_Catalog
Import,Увоз,module,Magento_Catalog
"Related Products","Поврзани продукти",module,Magento_Catalog
"Name in %1","Име во %1",module,Magento_Catalog
Quantity,Количина,module,Magento_Catalog
Edit,Измени,module,Magento_Catalog
Hidden,Скриено,module,Magento_Catalog
"New Category","Нова категорија",module,Magento_Catalog
"Inc. Tax","Со ДДВ",module,Magento_Catalog
Product,Продукт,module,Magento_Catalog
"-- Please Select --","-- Ве молиме изберете --",module,Magento_Catalog
None,Нема,module,Magento_Catalog
"New Products","Нови продукти",module,Magento_Catalog
"Click for price","Кликни за цена",module,Magento_Catalog
Categories,Категории,module,Magento_Catalog
Catalog,Каталог,module,Magento_Catalog
Products,Продукти,module,Magento_Catalog
"You saved the product.","Го зачувавте продуктот.",module,Magento_Catalog
"You added product %1 to the comparison list.","Го додадовте продуктот %1 во листата за споредба.",module,Magento_Catalog
"You removed product %1 from the comparison list.","Го отстранивте продуктот %1 од листата за споредба.",module,Magento_Catalog
"1 item","1 продукт",module,Magento_Catalog
"%1 items","%1 продукти",module,Magento_Catalog
"Invalid attribute %1","Невалиден атрибут %1",module,Magento_Catalog
Grid,Мрежа,module,Magento_Catalog
List,Листа,module,Magento_Catalog
All,Сите,module,Magento_Catalog
"Product is not loaded","Продуктот не е вчитан",module,Magento_Catalog
"-- Please Select a Category --","-- Ве молиме изберете категорија --",module,Magento_Catalog
Percent,Процент,module,Magento_Catalog
"-- Please select --","-- Ве молиме изберете --",module,Magento_Catalog
Center,Центар,module,Magento_Catalog
Category,Категорија,module,Magento_Catalog
"%1 and above","%1 и погоре",module,Magento_Catalog
Enabled,Овозможено,module,Magento_Catalog
Disabled,Оневозможено,module,Magento_Catalog
"Some of the selected item options are not currently available.","Некои од избраните опции на продуктот не се достапни во моментот.",module,Magento_Catalog
Groups,Групи,module,Magento_Catalog
"Manage Stock","Менаџирај залиха",module,Magento_Catalog
Qty,Кол,module,Magento_Catalog
"Minimum Qty Allowed in Shopping Cart","Минимална кол. дозволена во кошничката",module,Magento_Catalog
"Maximum Qty Allowed in Shopping Cart","Максимална кол. дозволена во кошничката",module,Magento_Catalog
"Stock Availability","Достапност на залиха",module,Magento_Catalog
"In Stock","На залиха",module,Magento_Catalog
Required,Задолжително,module,Magento_Catalog
Title,Наслов,module,Magento_Catalog
"Max Characters","Макс. карактери",module,Magento_Catalog
"Customer Group","Група на купувачи",module,Magento_Catalog
"Item Price","Цена на продуктот",module,Magento_Catalog
Action,Акција,module,Magento_Catalog
"Select All","Селектирај ги сите",module,Magento_Catalog
"Unselect All","Деселктирај ги сите",module,Magento_Catalog
"Select Visible","Селектирај видливи",module,Magento_Catalog
"Unselect Visible","Деселектирај видливи",module,Magento_Catalog
"Buy %1 for: ","Купи %1 за: ",module,Magento_Catalog
"Shop By",Филтри,module,Magento_Catalog
"Shopping Options","Филтрирај по",module,Magento_Catalog
"Compare Products","Спореди продукти",module,Magento_Catalog
"Add to Cart","Во кошничка",module,Magento_Catalog
"In stock","На залиха",module,Magento_Catalog
"Out of stock","Нема на залиха",module,Magento_Catalog
"You have no items to compare.","Немате продукти за споредба.",module,Magento_Catalog
"Remove This Item","Отстрани го овој продукт",module,Magento_Catalog
Compare,Спореди,module,Magento_Catalog
"Clear All","Исчисти сè",module,Magento_Catalog
Prev,Пред,module,Magento_Catalog
Next,Следно,module,Magento_Catalog
"Add to Compare","Спореди продукт",module,Magento_Catalog
"Learn More","Дознај повеќе",module,Magento_Catalog
"Items %1-%2 of %3","Продукти %1-%2 од %3",module,Magento_Catalog
"%1 Item","%1 Продукт",module,Magento_Catalog
Show,Прикажи,module,Magento_Catalog
"per page","по страна",module,Magento_Catalog
"Sort By","Сортирај по",module,Magento_Catalog
"* Required Fields","* Задолжителни полиња",module,Magento_Catalog
Status,Статус,module,Magento_CheckoutAgreements
Enabled,Овозможено,module,Magento_CheckoutAgreements
Disabled,Оневозможено,module,Magento_CheckoutAgreements
"Show Content as","Прикажи содржина како",module,Magento_CheckoutAgreements
Content,Содржина,module,Magento_CheckoutAgreements
"Shopping Cart",Кошничка,module,Magento_Checkout
City,Град,module,Magento_Checkout
Country,Држава,module,Magento_Checkout
"Zip/Postal Code","Поштенски код",module,Magento_Checkout
"My Cart (1 item)","Моја кошничка (1 продукт)",module,Magento_Checkout
"My Cart (%1 items)","Моја кошничка (%1 продукти)",module,Magento_Checkout
"My Cart","Моја кошничка",module,Magento_Checkout
"You added %1 to your shopping cart.","Додадовте %1 во вашата кошничка.",module,Magento_Checkout
"We cannot configure the product.","Неможеме да го конфигурираме продуктот.",module,Magento_Checkout
"The coupon code ""%1"" is not valid.","Кодот на купонот ""%1"" не е валиден.",module,Magento_Checkout
"We cannot apply the coupon code.","Неможеме да го примениме кодот на купонот.",module,Magento_Checkout
"%1 was updated in your shopping cart.","%1 е ажуриран во вашата кошничка.",module,Magento_Checkout
Checkout,Нарачка,module,Magento_Checkout
"Display number of items in cart","Покажи број на продукти во кошничката",module,Magento_Checkout
"The customer address is not valid.","Адресата на купувачот не е валидна.",module,Magento_Checkout
"Invalid shipping method","Невалиден начин на испорака",module,Magento_Checkout
"Cancel Coupon","Откажи го купонот",module,Magento_Checkout
"Shopping Cart Items","Продукти во кошничка",module,Magento_Checkout
Item,Продукт,module,Magento_Checkout
Price,Цена,module,Magento_Checkout
Qty,Кол,module,Magento_Checkout
Subtotal,Вкупно,module,Magento_Checkout
"Continue Shopping","Продолжи со купување",module,Magento_Checkout
"Clear Shopping Cart","Исчисти ја кошничката",module,Magento_Checkout
"Update Shopping Cart","Ажурирај ја кошничката",module,Magento_Checkout
"Update Cart","Ажурирај ја кошничката",module,Magento_Checkout
"See price before order confirmation.","Види цена пред потврда на нарачката.",module,Magento_Checkout
"What's this?","Што е ова?",module,Magento_Checkout
Edit,Измени,module,Magento_Checkout
"Remove item","Отстрани продукт",module,Magento_Checkout
"You have no items in your shopping cart.","Немате продукти во кошничката.",module,Magento_Checkout
"Click <a href=""%1"">here</a> to continue shopping.","Кликнете <a href=""%1"">овде</a> да продолжите со купување.",module,Magento_Checkout
"Estimate Shipping and Tax","Пресметај испорака и данок",module,Magento_Checkout
"Excl. Tax","Без ДДВ",module,Magento_Checkout
Loading...,Вчитување...,module,Magento_Checkout
"Order #","Нарачка #",module,Magento_Checkout
"Proceed to Checkout","Заврши ја нарачката",module,Magento_Checkout
"Product Name","Име на продуктот",module,Magento_Checkout
"Incl. Tax","Со ДДВ",module,Magento_Checkout
"Save and Continue Edit","Зачивај и продолжи да изменуваш",module,Magento_Cms
Status,Статус,module,Magento_Cms
Enabled,Овозможено,module,Magento_Cms
Disabled,Оневозможено,module,Magento_Cms
Title,Наслов,module,Magento_Cms
"Save Page","Зачувај страна",module,Magento_Cms
"New Page","Нова страна",module,Magento_Cms
"-- Please Select --","-- Ве молиме изберете --",module,Magento_Cms
"Page Title","Наслов на страна",module,Magento_Cms
Description,Опис,module,Magento_Cms
Created,Креирано,module,Magento_Cms
Modified,Изменето,module,Magento_Cms
Action,Акција,module,Magento_Cms
Preview,Преглед,module,Magento_Cms
"Go to Home Page","Оди на почетната страна",module,Magento_Cms
"Edit Page","Измени страна",module,Magento_Cms
Pages,Страни,module,Magento_Cms
Configuration,Конфигурација,module,Magento_Config
Price,Цена,module,Magento_ConfigurableProduct
Quantity,Количина,module,Magento_ConfigurableProduct
Name,Име,module,Magento_ConfigurableProduct
Weight,Тежина,module,Magento_ConfigurableProduct
Confirm,Потврди,module,Magento_ConfigurableProduct
Cancel,Откажи,module,Magento_ConfigurableProduct
"* Required Fields","* Задолжителни полиња",module,Magento_Contact
Name,Име,module,Magento_Contact
Email,Емаил,module,Magento_Contact
Daily,Дневно,module,Magento_Cron
Weekly,Неделно,module,Magento_Cron
Monthly,Месечно,module,Magento_Cron
Reset,Ресетирај,module,Magento_CurrencySymbol
Import,Увоз,module,Magento_CurrencySymbol
System,Систем,module,Magento_CurrencySymbol
"You have not set a default shipping address.","Немате дефинирано главна адреса за испорака.",module,Magento_Customer
"You have not set a default billing address.","Немате дефинирано главна адреса за плаќање.",module,Magento_Customer
"Address Book",Адресар,module,Magento_Customer
"Edit Address","Измени адреса",module,Magento_Customer
"Add New Address","Додади нова адреса",module,Magento_Customer
region,регион,module,Magento_Customer
"Create Order","Креирај нарачка",module,Magento_Customer
"Save Customer","Зачувај купувач",module,Magento_Customer
"Delete Customer","Избриши купувач",module,Magento_Customer
"Reset Password","Ресетирај лозинка",module,Magento_Customer
"New Customer","Нов купувач",module,Magento_Customer
"Save and Continue Edit","Зачивај и продолжи да изменуваш",module,Magento_Customer
Back,Назад,module,Magento_Customer
"Please select","Ве молиме изберете",module,Magento_Customer
Product,Продукт,module,Magento_Customer
Quantity,Количина,module,Magento_Customer
Price,Цена,module,Magento_Customer
Total,Вкупно,module,Magento_Customer
Action,Акција,module,Magento_Customer
Configure,Конфигурирај,module,Magento_Customer
Delete,Избриши,module,Magento_Customer
"Shopping Cart from %1","Кошничка од %1",module,Magento_Customer
Newsletter,"Електронски новости",module,Magento_Customer
"Newsletter Information","Информации за електронски новости",module,Magento_Customer
"Subscribed to Newsletter","Пријавени за електронски новости",module,Magento_Customer
"No Newsletter Found","Нема пронајдено електронски новости",module,Magento_Customer
Subject,Предмет,module,Magento_Customer
Status,Статус,module,Magento_Customer
Sent,Испратено,module,Magento_Customer
Cancel,Откажи,module,Magento_Customer
"Not Sent","Не е испратено",module,Magento_Customer
Sending,"Се праќа",module,Magento_Customer
Paused,Паузирано,module,Magento_Customer
View,Види,module,Magento_Customer
Unknown,Непознато,module,Magento_Customer
Order,Нарачка,module,Magento_Customer
"Order Total",Вкупно,module,Magento_Customer
Qty,Кол,module,Magento_Customer
"The customer does not have default billing address.","Купувачот нема предодредена адреса за плаќање.",module,Magento_Customer
"Days in Wish List","Денови во листата",module,Magento_Customer
No,Не,module,Magento_Customer
Yes,Да,module,Magento_Customer
"Customer Groups","Групи на купувачи",module,Magento_Customer
"Add New Customer Group","Додади нова група на купувачи",module,Magento_Customer
"Save Customer Group","Зачувај група на купувачи",module,Magento_Customer
"Delete Customer Group","Избриши група на купувачи",module,Magento_Customer
"New Customer Group","Нова група на купувачи",module,Magento_Customer
"Customer Login","Најавете се",module,Magento_Customer
"Create New Customer Account","Креирај нов профил",module,Magento_Customer
"Date of Birth","Датум на раѓање",module,Magento_Customer
"Your password reset link has expired.","Линкот за ресетирање на лозинката помина.",module,Magento_Customer
"There is already an account with this email address. If you are sure that it is your email address, <a href=""%1"">click here</a> to get your password and access your account.","Веќе има креирано профил со оваа Емаил адреса. Ако сте сигурни дека е ова е вашата адреса <a href=""%1"">кликнете овде</a> да добиете лозинка и да пристапите до вашиот профил.",module,Magento_Customer
"Account Information","Информации за профилот",module,Magento_Customer
"Please correct the email address.","Ве молиме корегирајте ја емаил адресата.",module,Magento_Customer
"If there is an account associated with %1 you will receive an email with a link to reset your password.","Ако има профил поврзан со %1 ќе добиете Емаил со линк за ресетирање на вашата лозинка.",module,Magento_Customer
"My Account","Мојот профил",module,Magento_Customer
"Invalid login or password.","Невалидно корисничко име или лозинка.",module,Magento_Customer
"New Password and Confirm New Password values didn't match.","Новата лозинка и потврдената нова лозинка не се совпаѓаат.",module,Magento_Customer
Customers,Купувачи,module,Magento_Customer
"Please select customer(s).","Ве молиме изберете купувач/и.",module,Magento_Customer
"You saved the customer.","Го зачувавте купувачот.",module,Magento_Customer
"Please enter the first name.","Ве молиме внесете име.",module,Magento_Customer
"Please enter the last name.","Ве молиме внесете презиме.",module,Magento_Customer
"Billing Address","Адреса за плаќање",module,Magento_Customer
"Shipping Address","Адреса за испорака",module,Magento_Customer
"-- Please Select --","-- Ве молиме изберете --",module,Magento_Customer
"Customer Group","Група на купувачи",module,Magento_Customer
Edit,Измени,module,Magento_Customer
Visitor,Посетител,module,Magento_Customer
Customer,Купувач,module,Magento_Customer
"Personal Information","Лични информации",module,Magento_Customer
"Confirmed email:","Потврден емаил:",module,Magento_Customer
"Default Billing Address","Главна адреса за плаќање",module,Magento_Customer
Change,Промени,module,Magento_Customer
"Manage Addresses","Менаџирај адреси",module,Magento_Customer
"Default Shipping Address","Главна адреса за испорака",module,Magento_Customer
"Contact Information","Информации за контакт",module,Magento_Customer
"Change Password","Промени ја лозинката",module,Magento_Customer
Newsletters,"Електронски новости",module,Magento_Customer
"Default Addresses","Предодредени адреси",module,Magento_Customer
"Change Billing Address","Промени ја адресата за плаќање",module,Magento_Customer
"You have no default billing address in your address book.","Немате главна адреса за плаќање во вашиот адресар.",module,Magento_Customer
"Change Shipping Address","Промени ја адресата за испорака",module,Magento_Customer
"You have no default shipping address in your address book.","Немате главна адреса за испорака во вашиот адресар.",module,Magento_Customer
"Additional Address Entries","Дополнителни адреси",module,Magento_Customer
"Delete Address","Избриши адреса",module,Magento_Customer
"* Required Fields","* Задолжителни полиња",module,Magento_Customer
Address,Адреса,module,Magento_Customer
"Street Address",Улица,module,Magento_Customer
"Street Address %1","Улица %1",module,Magento_Customer
Country,Држава,module,Magento_Customer
"Use as my default billing address","Користи како моја главна адреса за плаќање",module,Magento_Customer
"Use as my default shipping address","Користи како моја главна адреса за испорака",module,Magento_Customer
"Save Address","Зачувај адреса",module,Magento_Customer
"Go back","Врати се назад",module,Magento_Customer
Email,Емаил,module,Magento_Customer
"Send confirmation link","Испрати линк за потврда",module,Magento_Customer
"Current Password","Тековна лозинка",module,Magento_Customer
"New Password","Нова лозинка",module,Magento_Customer
Save,Зачувај,module,Magento_Customer
"Registered Customers","Регистрирани купувачи",module,Magento_Customer
Password,Лозинка,module,Magento_Customer
"Forgot Your Password?","Ја заборавивте вашата лозинка?",module,Magento_Customer
"Subscription option","Претплата за",module,Magento_Customer
"General Subscription","Најнови понуди и новости",module,Magento_Customer
"Sign Up for Newsletter","Пријави се за електронски новости",module,Magento_Customer
"Address Information","Информации за адресата",module,Magento_Customer
"Confirm Password","Потврди ја лозинката",module,Magento_Customer
"New Customers","Нови купувачи",module,Magento_Customer
Name,Име,module,Magento_Customer
"Tax/VAT number","Даночен број",module,Magento_Customer
Kilograms,Килограми,module,Magento_Dhl
Inches,Инчи,module,Magento_Dhl
Centimeters,Центиметри,module,Magento_Dhl
inch,инч,module,Magento_Dhl
Height,Висина,module,Magento_Dhl
Width,Ширина,module,Magento_Dhl
"There is no items in this order","Нема продукти во оваа нарачка",module,Magento_Dhl
"--Please Select--","--Ве молиме изберете--",module,Magento_Directory
Continue,Продолжи,module,Magento_Directory
Delete,Избриши,module,Magento_Downloadable
"In stock","На залиха",module,Magento_Downloadable
"Order #","Нарачка #",module,Magento_Downloadable
Date,Датум,module,Magento_Downloadable
Status,Статус,module,Magento_Downloadable
"View Order","Види нарачка",module,Magento_Downloadable
Back,Назад,module,Magento_Downloadable
Message:,Порака:,module,Magento_Downloadable
Qty,Кол,module,Magento_Downloadable
Ordered,Порачено,module,Magento_Downloadable
Canceled,Откажено,module,Magento_Downloadable
Yes,Да,module,Magento_Eav
No,Не,module,Magento_Eav
Date,Датум,module,Magento_Eav
Yes/No,Да/Не,module,Magento_Eav
Back,Назад,module,Magento_Email
Preview,Преглед,module,Magento_Email
Unknown,Непознато,module,Magento_Email
"Email Preview","Прегледи емаил",module,Magento_Email
"Store Name","Име на продавница",module,Magento_Email
"Street Address 1","Улица 1",module,Magento_Email
"Street Address 2","Улица 2",module,Magento_Email
No,Не,module,Magento_EncryptionKey
Yes,Да,module,Magento_EncryptionKey
status,статус,module,Magento_Fedex
Message,Порака,module,Magento_GiftMessage
Cancel,Откажи,module,Magento_GiftMessage
"Product Name","Име на продуктот",module,Magento_GroupedProduct
Qty,Кол,module,Magento_GroupedProduct
Name,Име,module,Magento_GroupedProduct
"Default Qty","Прододредена кол.",module,Magento_GroupedProduct
"In stock","На залиха",module,Magento_GroupedProduct
Status,Статус,module,Magento_ImportExport
"-- Please Select --","-- Ве молиме изберете --",module,Magento_ImportExport
Add/Update,Додади/Ажурирај,module,Magento_ImportExport
Continue,Продолжи,module,Magento_ImportExport
"Update on Save","Ажурирај на зачувување",module,Magento_Indexer
Save,Зачувај,module,Magento_Integration
"Save & Activate","Зачувај & Активирај",module,Magento_Integration
Name,Име,module,Magento_Integration
Edit,Измени,module,Magento_Integration
No,Не,module,Magento_LayeredNavigation
Position,Позиција,module,Magento_LayeredNavigation
Previous,Претходно,module,Magento_LayeredNavigation
"Remove This Item","Отстрани го овој продукт",module,Magento_LayeredNavigation
"Shop By",Филтри,module,Magento_LayeredNavigation
"Clear All","Исчисти сè",module,Magento_LayeredNavigation
"Shopping Options","Филтрирај по",module,Magento_LayeredNavigation
"Change Billing Address","Промени ја адресата за плаќање",module,Magento_Multishipping
"Ship to Multiple Addresses","Испорака на различни адреси",module,Magento_Multishipping
"Billing Information - %1","Информации за плаќање - %1",module,Magento_Multishipping
"Review Order - %1","Преглед на нарачката - %1",module,Magento_Multishipping
"Shipping Methods","Начини на испорака",module,Magento_Multishipping
"Edit Address","Измени адреса",module,Magento_Multishipping
"Edit Billing Address","Измени ја адресата за плаќање",module,Magento_Multishipping
"Edit Shipping Address","Измени ја адресата за испорака",module,Magento_Multishipping
"Create Billing Address","Креирај адреса за плаќање",module,Magento_Multishipping
"Create Shipping Address","Креирај адреса за испорака",module,Magento_Multishipping
"Maximum qty allowed for Shipping to multiple addresses is %1","Максимална кол. дозволена за испорака на различни адреси е %1",module,Magento_Multishipping
"Please check shipping address information.","Ве молиме проверете ги информациите на адресата за испорака.",module,Magento_Multishipping
"Please check billing address information.","Ве молиме проверете ги информациите на адресата за плаќање.",module,Magento_Multishipping
"Please select shipping methods for all addresses.","Ве молиме начин на испорака за сите адреси.",module,Magento_Multishipping
"Item not found or already ordered","Продуктот не е пронајден или веќе е порачен",module,Magento_Multishipping
"Please check shipping addresses information.","Ве молиме проверете ги информациите на адресата за испорака.",module,Magento_Multishipping
"Select Addresses","Избери адреси",module,Magento_Multishipping
"Shipping Information","Информации за испорака",module,Magento_Multishipping
"Billing Information","Информации за плаќање",module,Magento_Multishipping
"Place Order","Направи нарачка",module,Magento_Multishipping
"Select Address","Избери адреса",module,Magento_Multishipping
"Add New Address","Додади нова адреса",module,Magento_Multishipping
"Back to Billing Information","Назад кон информации за плаќање",module,Magento_Multishipping
"Please select a shipping address for applicable items.","Ве молиме одберете адреса за испорака за применливите продукти.",module,Magento_Multishipping
Qty,Кол,module,Magento_Multishipping
"Send To","Испрати на",module,Magento_Multishipping
"Remove Item","Отстрани продукт",module,Magento_Multishipping
"Remove item","Отстрани продукт",module,Magento_Multishipping
"Update Qty &amp; Addresses","Ажурирај Кол. &amp; Адреси",module,Magento_Multishipping
"Enter a New Address","Внесете нова адреса",module,Magento_Multishipping
"Back to Shopping Cart","Назад кон кошничка",module,Magento_Multishipping
"Billing Address","Адреса за плаќање",module,Magento_Multishipping
Change,Промени,module,Magento_Multishipping
"Payment Method","Начин на плаќање",module,Magento_Multishipping
"Back to Shipping Information","Назад кон информации за испорака",module,Magento_Multishipping
"Other items in your order","Други продукти во вашата нарачка",module,Magento_Multishipping
"Edit Items","Измени ги продуктите",module,Magento_Multishipping
"Product Name","Име на продуктот",module,Magento_Multishipping
"Shipping To","Испорака на",module,Magento_Multishipping
"Shipping Method","Начин на испорака",module,Magento_Multishipping
"Incl. Tax","Со ДДВ",module,Magento_Multishipping
Subtotal,Вкупно,module,Magento_Multishipping
Items,Продукти,module,Magento_Multishipping
"Grand Total:",Вкупно:,module,Magento_Multishipping
"Submitting order information...","Поднесување информации за нарачката...",module,Magento_Multishipping
"Continue to Billing Information",Продолжи,module,Magento_Multishipping
"Back to Select Addresses","Назад кон избор на адреси",module,Magento_Multishipping
"Continue Shopping","Продолжи со купување",module,Magento_Multishipping
Back,Назад,module,Magento_Newsletter
"Sender Name","Име на испраќач",module,Magento_Newsletter
Message,Порака,module,Magento_Newsletter
Cancel,Откажи,module,Magento_Newsletter
Preview,Преглед,module,Magento_Newsletter
Added,Додадено,module,Magento_Newsletter
Updated,Ажурирано,module,Magento_Newsletter
Sender,Испраќач,module,Magento_Newsletter
Action,Акција,module,Magento_Newsletter
"Newsletter Subscribers","Претплатници на елетронски новости",module,Magento_Newsletter
Newsletter,"Електронски новости",module,Magento_Newsletter
"Newsletter Subscription","Претплата за електронски новости",module,Magento_Newsletter
Cancelled,Откажено,module,Magento_Newsletter
"Sign Up for Our Newsletter:","Пријави се за електронски новости:",module,Magento_Newsletter
"Enter your email address","Внесете ја вашата емаил адреса",module,Magento_Newsletter
Subscribe,"Пријави се",module,Magento_Newsletter
"Shipping Price","Цена на испорака",module,Magento_OfflineShipping
"# of Items (and above)","# на продукти (и погоре)",module,Magento_OfflineShipping
"Per Order","По нарачка",module,Magento_OfflineShipping
"Per Item","По продукт",module,Magento_OfflineShipping
"Free Shipping","Бесплатна испорака",module,Magento_OfflineShipping
No,Не,module,Magento_OfflineShipping
Shipping,Испорака,module,Magento_Payment
Yes,Да,module,Magento_Payment
"--Please Select--","--Ве молиме изберете--",module,Magento_Payment
"First Name",Име,module,Magento_Paypal
"Last Name",Презиме,module,Magento_Paypal
Status,Статус,module,Magento_Paypal
Updated,Ажурирано,module,Magento_Paypal
Back,Назад,module,Magento_Paypal
Cancel,Откажи,module,Magento_Paypal
"Related Orders","Поврзани нарачки",module,Magento_Paypal
Order,Нарачка,module,Magento_Paypal
"Order Total",Вкупно,module,Magento_Paypal
"Learn More","Дознај повеќе",module,Magento_Paypal
"Incl. Tax","Со ДДВ",module,Magento_Paypal
"Billing Information","Информации за плаќање",module,Magento_Paypal
"Shipping Information","Информации за испорака",module,Magento_Paypal
Canceled,Откажено,module,Magento_Paypal
Yes,Да,module,Magento_Paypal
"Ask Customer","Прашај го купувачот",module,Magento_Paypal
"Order ID","Нарачка ID",module,Magento_Paypal
"--Please Select--","--Ве молиме изберете--",module,Magento_Paypal
"Every 3 days","Секои 3 дена",module,Magento_Paypal
"Every 7 days","Секои 7 дена",module,Magento_Paypal
"Every 10 days","Секои 10 дена",module,Magento_Paypal
"Every 14 days","Секои 14 дена",module,Magento_Paypal
"Every 30 days","Секои 30 дена",module,Magento_Paypal
"Every 40 days","Секои 40 дена",module,Magento_Paypal
"Please Select","Ве молиме изберете",module,Magento_Paypal
Customer,Купувач,module,Magento_Paypal
"Updated At","Ажурирано на",module,Magento_Paypal
" to learn more."," да дознаеш повеќе.",module,Magento_Paypal
Status:,Статус:,module,Magento_Paypal
Updated:,Ажурирано:,module,Magento_Paypal
"Payment Method:","Начин на плаќање:",module,Magento_Paypal
"Order #","Нарачка #",module,Magento_Paypal
Date,Датум,module,Magento_Paypal
"Ship To","Испорачај на",module,Magento_Paypal
"Order Status","Статус на нарачката",module,Magento_Paypal
"View Order","Види нарачка",module,Magento_Paypal
"Payment Method","Начин на плаќање",module,Magento_Paypal
"-- Please Select --","-- Ве молиме изберете --",module,Magento_Paypal
"Shipping Method","Начин на испорака",module,Magento_Paypal
"Please select a shipping method...","Ве молиме изберете начин на испорака...",module,Magento_Paypal
"Update Shipping Method","Ажурирај начин на испорака",module,Magento_Paypal
"Shipping Address","Адреса за испорака",module,Magento_Paypal
Edit,Измени,module,Magento_Paypal
"Edit Payment Information","Измени ги информациите за плаќање",module,Magento_Paypal
"Items in Your Shopping Cart","Продукти во твојата кошничка",module,Magento_Paypal
"Edit Shopping Cart","Измени ја кишничката",module,Magento_Paypal
"Place Order","Направи нарачка",module,Magento_Paypal
"Submitting order information...","Поднесување информации за нарачката...",module,Magento_Paypal
Qty,Кол,module,Magento_Paypal
Subtotal,Вкупно,module,Magento_Paypal
"Please update order data to get shipping methods and rates","Ве молиме ажурирајте ги податоците за нарачката да добиете начин на испорака и",module,Magento_Paypal
Continue,Продолжи,module,Magento_Paypal
"Welcome, %1!","Добредојдовте, %1!",module,Magento_Persistent
"This shipping method is not available. To use this shipping method, please contact us.","Начинот на испорака е достапен. Да го користете овој начин на испорака, ве молиме контактирајте не.",module,Magento_Quote
"Grand Total",Вкупно,module,Magento_Quote
"Shipping & Handling (%1)","Испорака & Достава (%1)",module,Magento_Quote
"Shipping & Handling","Испорака & Достава",module,Magento_Quote
Subtotal,Вкупно,module,Magento_Quote
"Please specify a shipping method.","Ве молиме дефинирајте начин на испорака.",module,Magento_Quote
"Please check the billing address information. %1","Ве молиме проверете ги информациите на адресата за плаќање. %1",module,Magento_Quote
"Please select a valid payment method.","Ве молиме изберете валиден начин на плаќање.",module,Magento_Quote
Tax,Данок,module,Magento_Quote
Yes,Да,module,Magento_Reports
"Show Reviews","Покажи мислења",module,Magento_Reports
"Customers Reviews","Мислења од купувачи",module,Magento_Reports
"Reviews for %1","Мислења за %1",module,Magento_Reports
Customer,Купувач,module,Magento_Reports
"Products Reviews","Мислења за продукти",module,Magento_Reports
Subtotal,Вкупно,module,Magento_Reports
Orders,Нарачки,module,Magento_Reports
"Invoiced Orders","Фактурирани нарачки",module,Magento_Reports
Items,Продукти,module,Magento_Reports
Tax,Данок,module,Magento_Reports
Canceled,Откажено,module,Magento_Reports
Updated,Ажурирано,module,Magento_Reports
Customers,Купувачи,module,Magento_Reports
"First Name",Име,module,Magento_Reports
"Last Name",Презиме,module,Magento_Reports
"Items in Cart","Продукти во кошничката",module,Magento_Reports
Name,Име,module,Magento_Reports
Review,Мислење,module,Magento_Reports
Reviews,Мислења,module,Magento_Reports
"Product Reviews","Мислења за продукти",module,Magento_Reports
Details,Детали,module,Magento_Reports
"Shopping Cart",Кошничка,module,Magento_Reports
"Add to Cart","Додади во кошничка",module,Magento_Reports
"In stock","На залиха",module,Magento_Reports
"Add to Compare","Спореди продукт",module,Magento_Reports
"Save Review","Зачувај мислење",module,Magento_Review
"New Review","Ново мислење",module,Magento_Review
"Review Details","Детали за мислење",module,Magento_Review
Status,Статус,module,Magento_Review
"Summary of Review","Преглед од мислење",module,Magento_Review
Review,Мислење,module,Magento_Review
Previous,Претходно,module,Magento_Review
"Save and Previous","Зачувај и претходно",module,Magento_Review
"Save and Next","Зачувај и следно",module,Magento_Review
Next,Следно,module,Magento_Review
"Delete Review","Избриши мислење",module,Magento_Review
"Edit Review '%1'","Измени мислење '%1'",module,Magento_Review
Action,Акција,module,Magento_Review
Edit,Измени,module,Magento_Review
Delete,Избриши,module,Magento_Review
"Update Status","Ажурирај статус",module,Magento_Review
Customer,Купувач,module,Magento_Review
"Pending Reviews of Customer `%1`","Мислења од купувач на чекање `%1`",module,Magento_Review
"Pending Reviews","Мислења на чекање",module,Magento_Review
"All Reviews of Customer `%1`","Сите мислења од купувач `%1`",module,Magento_Review
"All Reviews of Product `%1`","Сите мислења од продукт `%1`",module,Magento_Review
"All Reviews","Сите мислења",module,Magento_Review
Name,Име,module,Magento_Review
"Save Rating","Зачувај оценка",module,Magento_Review
"Delete Rating","Избриши оценка",module,Magento_Review
"New Rating","Нова оценка",module,Magento_Review
"Product Reviews","Мислења за продукти",module,Magento_Review
Reviews,Мислења,module,Magento_Review
"The review has been deleted.","Мислењето е избришено.",module,Magento_Review
"Customer Reviews","Мислења од купувачи",module,Magento_Review
"Edit Review","Измени мислење",module,Magento_Review
"Please select review(s).","Ве молиме одберете мислење/а.",module,Magento_Review
"You saved the review.","Го зачувавте мислењето.",module,Magento_Review
Ratings,Оценки,module,Magento_Review
"You saved the rating.","Ја зачувавте оценката.",module,Magento_Review
"My Product Reviews","Мои мислења за продукти",module,Magento_Review
"Product Name","Име на продуктот",module,Magento_Review
Rating,Оценка,module,Magento_Review
"You have submitted no reviews.","Немате дадено мислења за продукти.",module,Magento_Review
Back,Назад,module,Magento_Review
"My Recent Reviews","Мои последни мислења",module,Magento_Review
"Back to My Reviews","Назад кон моите мислења",module,Magento_Review
"Be the first to review this product","Бидете први што ќе дадете мислење за овој продукт",module,Magento_Review
"Write Your Own Review","Дадете ваше мислење",module,Magento_Review
"* Required Fields","* Задолжителни полиња",module,Magento_Review
"You're reviewing:","Давате мислење за:",module,Magento_Review
"Submit Review","Дади мислење",module,Magento_Review
"Add Your Review","Додадете го вашето мислење",module,Magento_Review
"%1 Review(s)","%1 мислење/а",module,Magento_Review
"Review by","Мислење од",module,Magento_Review
"Posted on","Објавено на",module,Magento_Review
"Product Review (submitted on %1):","Мислење за продукт (дадено на %1):",module,Magento_Review
"Back to Product Reviews","Назад кон мислења за продукти",module,Magento_Review
Category,Категорија,module,Magento_Rule
"Save and Continue Edit","Зачивај и продолжи да изменуваш",module,Magento_SalesRule
Actions,Акции,module,Magento_SalesRule
Yes,Да,module,Magento_SalesRule
"Coupon Qty","Кол. на купони",module,Magento_SalesRule
Delete,Избриши,module,Magento_SalesRule
Description,Опис,module,Magento_SalesRule
Status,Статус,module,Magento_SalesRule
Subtotal,Вкупно,module,Magento_SalesRule
"Payment Method","Начин на плаќање",module,Magento_SalesRule
"Shipping Method","Начин на испорака",module,Magento_SalesRule
"Quantity in cart","Количина во кошничка",module,Magento_SalesRule
"Price in cart","Цена во кошничка",module,Magento_SalesRule
Orders,Нарачки,module,Magento_Sales
"Create New Order","Креирај нова нарачка",module,Magento_Sales
"Order Address Information","Информации за адресата на нарачката",module,Magento_Sales
"Are you sure you want to cancel this order?","Дали сте сигурни дека сакате да ја отстраните оваа нарачка?",module,Magento_Sales
Cancel,Откажи,module,Magento_Sales
"Billing Address","Адреса за плаќање",module,Magento_Sales
"Payment Method","Начин на плаќање",module,Magento_Sales
"Please select a customer","Ве молиме изберете купувач",module,Magento_Sales
"Account Information","Информации за профилот",module,Magento_Sales
Message,Порака,module,Magento_Sales
"Edit Order #%1","Измени нарачка #%1",module,Magento_Sales
"Items Ordered","Порачени продукти",module,Magento_Sales
"Newsletter Subscription","Претплата за електронски новости",module,Magento_Sales
"Shipping Address","Адреса за испорака",module,Magento_Sales
"Shipping Method","Начин на испорака",module,Magento_Sales
"Update Changes","Ажурирај промени",module,Magento_Sales
"Shopping Cart",Кошничка,module,Magento_Sales
"Are you sure you want to delete all items from shopping cart?","Дали сте сигурни дека сакате да ги избришете сите продукти од кошничката?",module,Magento_Sales
"Clear Shopping Cart","Исчисти ја кошничката",module,Magento_Sales
"Recently Compared Products","Последно споредени продукти",module,Magento_Sales
"Recently Viewed Products","Последно видени продукти",module,Magento_Sales
"Last Ordered Items","Последно порачани продукти",module,Magento_Sales
"Wish List","Листа со желби",module,Magento_Sales
"Order Grand Total",Вкупно,module,Magento_Sales
"Send Email","Испрати емаил",module,Magento_Sales
"Order Statuses","Статуси на нарачка",module,Magento_Sales
"Order Status","Статус на нарачката",module,Magento_Sales
"Edit Order Status","Измени статус на нарачката",module,Magento_Sales
"Save Status","Зачувај статус",module,Magento_Sales
"New Order Status","Нов статус на нарачката",module,Magento_Sales
"Order Status Information","Информации за статусот на нарачката",module,Magento_Sales
Edit,Измени,module,Magento_Sales
Reorder,"Нарачи повторно",module,Magento_Sales
"Order History","Историја на нарачки",module,Magento_Sales
"Order Information","Информации за нарачката",module,Magento_Sales
"Order Invoices","Фактури за нарачката",module,Magento_Sales
Yes,Да,module,Magento_Sales
Back,Назад,module,Magento_Sales
"Order # %1","Нарачка # %1",module,Magento_Sales
"Back to My Orders","Назад кон моите нарачки",module,Magento_Sales
"View Another Order","Види друга нарачка",module,Magento_Sales
"My Orders","Мои нарачки",module,Magento_Sales
"New Order","Нова нарачка",module,Magento_Sales
"You created the order.","Ја креиравте нарачката.",module,Magento_Sales
"Edit Order","Измени нарачка",module,Magento_Sales
"You put the order on hold.","Ја ставивте нарачката на чекање.",module,Magento_Sales
"Orders and Returns","Нарачки и враќања",module,Magento_Sales
"Go to Home Page","Оди на почетната страна",module,Magento_Sales
"Shipping Address: ","Адреса за испорака: ",module,Magento_Sales
"Billing Address: ","Адреса за плаќање: ",module,Magento_Sales
Canceled,Откажено,module,Magento_Sales
"Unknown Status","Непознат статус",module,Magento_Sales
Ordered,Порачено,module,Magento_Sales
Order,Нарачка,module,Magento_Sales
"Order # ","Нарачка # ",module,Magento_Sales
"Order Date: ","Датум на нарачка: ",module,Magento_Sales
"Ship to:","Испорачај на:",module,Magento_Sales
"Payment Method:","Начин на плаќање:",module,Magento_Sales
"Shipping Method:","Начин на испорака:",module,Magento_Sales
Qty,Кол,module,Magento_Sales
"Excl. Tax","Без ДДВ",module,Magento_Sales
"Incl. Tax","Со ДДВ",module,Magento_Sales
"First Name",Име,module,Magento_Sales
"Last Name",Презиме,module,Magento_Sales
"Street Address",Улица,module,Magento_Sales
"Payment Review","Преглед на плаќање",module,Magento_Sales
"Notify Customer by Email","Извести го купувачот по Емаил",module,Magento_Sales
Customer,Купувач,module,Magento_Sales
"No Payment Methods","Нема начни на плаќање",module,Magento_Sales
"Order Comments","Коментари за нарачката",module,Magento_Sales
"Order Total",Вкупно,module,Magento_Sales
"Same As Billing Address","Исто како адресата за плаќање",module,Magento_Sales
"Select from existing customer addresses:","Избери од постоечките адреси на купувачот:",module,Magento_Sales
"Add New Address","Додади нова адреса",module,Magento_Sales
"Save in address book","Зачувај во адресар",module,Magento_Sales
Action,Акција,module,Magento_Sales
"No ordered items","Нема пирачени продукти",module,Magento_Sales
Subtotal:,Вкупно:,module,Magento_Sales
"Move to Shopping Cart","Премести во кошничка",module,Magento_Sales
"Click to change shipping method","Кликнете да го променете начинот на испорака",module,Magento_Sales
Item,Продукт,module,Magento_Sales
"Add To Order","Додади во нарачка",module,Magento_Sales
"No items","Нема продукти",module,Magento_Sales
"Grand Total Excl. Tax","Вкупно без ДДВ",module,Magento_Sales
"Grand Total Incl. Tax","Вкупно со ДДВ",module,Magento_Sales
"Subtotal (Excl. Tax)","Вкупно (без ДДВ)",module,Magento_Sales
"Subtotal (Incl. Tax)","Вкупно (со ДДВ)",module,Magento_Sales
"Shipping Information","Информации за испорака",module,Magento_Sales
"Items to Refund","Продукти за враќање",module,Magento_Sales
"Qty to Refund","Кол. за враќање",module,Magento_Sales
"No Items To Refund","Нема продукти за враќање",module,Magento_Sales
"Items Refunded","Вратени продукти",module,Magento_Sales
"No Items","Нема продукти",module,Magento_Sales
Message:,Порака:,module,Magento_Sales
"Shipping &amp; Handling","Испорака &amp; Достава",module,Magento_Sales
"Qty to Invoice","Кол. за фактурирање",module,Magento_Sales
"Items Invoiced","Фактурирани продукти",module,Magento_Sales
Status,Статус,module,Magento_Sales
"Order Date","Датум на нарачка",module,Magento_Sales
"Order Date (%1)","Датум на нарачка (%1)",module,Magento_Sales
"Item Status","Статус на продукт",module,Magento_Sales
"Order ID","Нарачка ID",module,Magento_Sales
Continue,Продолжи,module,Magento_Sales
"Product Name","Име на продуктот",module,Magento_Sales
"Order #","Нарачка #",module,Magento_Sales
Date,Датум,module,Magento_Sales
"Ship To","Испорачај на",module,Magento_Sales
"View Order","Види нарачка",module,Magento_Sales
"You have placed no orders.","Немате направено нарачки.",module,Magento_Sales
"No shipping information available","Не се достапни информации за испорака",module,Magento_Sales
"Qty Invoiced","Кол. фактурирана",module,Magento_Sales
"About Your Order","За вашата нарачка",module,Magento_Sales
"<span class=""label"">Order Date:</span> %1","<span class=""label"">Датум на нарачка:</span> %1",module,Magento_Sales
"Qty Shipped","Кол. испорачена",module,Magento_Sales
"Recent Orders","Неодамнешни нарачки",module,Magento_Sales
"View All","Види ги сите",module,Magento_Sales
"Add to Cart","Додади во кошничка",module,Magento_Sales
Name,Име,module,Magento_SendFriend
"* Required Fields","* Задолжителни полиња",module,Magento_SendFriend
"Send Email","Испрати емаил",module,Magento_SendFriend
Back,Назад,module,Magento_SendFriend
"Order # %1","Нарачка # %1",module,Magento_Shipping
"Back to My Orders","Назад кон моите нарачки",module,Magento_Shipping
Width,Ширина,module,Magento_Shipping
"Qty Ordered","Кол. нарачена",module,Magento_Shipping
Qty,Кол,module,Magento_Shipping
"Per Order","По нарачка",module,Magento_Shipping
"Shipping Information","Информации за испорака",module,Magento_Shipping
"Incl. Tax","Со ДДВ",module,Magento_Shipping
"Items to Ship","Продукти за испорака",module,Magento_Shipping
"Qty to Ship","Кол. за испорака",module,Magento_Shipping
"Product Name","Име на продуктот",module,Magento_Shipping
Cancel,Откажи,module,Magento_Shipping
Action,Акција,module,Magento_Shipping
"Shipping &amp; Handling Information","Информации за испорака &amp; достава",module,Magento_Shipping
"No shipping information available","Не се достапни информации за испорака",module,Magento_Shipping
"Shipping and Tracking Information","Информации за испорака",module,Magento_Shipping
"Items Shipped","Испорачани продукти",module,Magento_Shipping
"Qty Shipped","Кол. испорачено",module,Magento_Shipping
" for more information or "," за повеќе информации или ",module,Magento_Shipping
Status:,Статус:,module,Magento_Shipping
Date,Датум,module,Magento_Shipping
Description,Опис,module,Magento_Shipping
"Edit Sitemap","Измени ја мапата на сајтот",module,Magento_Sitemap
"New Sitemap","Нова мапа на сајтот",module,Magento_Sitemap
Sitemap,"Мапа на сајтот",module,Magento_Sitemap
"XML Sitemap","XML мапа на сајтот",module,Magento_Sitemap
"Add Sitemap","Додади мапа на сајтот",module,Magento_Sitemap
"This sitemap no longer exists.","Оваа мапа на сајтот не постои повеќе.",module,Magento_Sitemap
"The sitemap ""%1"" has been generated.","Мапата на сајтот ""%1"" е генерирана.",module,Magento_Sitemap
"-- Please Select --","-- Ве молиме изберете --",module,Magento_Store
"Your Language:","Вашиот јазик:",module,Magento_Store
"Your Language","Вашиот јазик",module,Magento_Store
Language,Јазик,module,Magento_Store
Back,Назад,module,Magento_Tax
"Save and Continue Edit","Зачивај и продолжи да изменуваш",module,Magento_Tax
Name,Име,module,Magento_Tax
"Subtotal (Excl.Tax)","Вкупно (без ДДВ)",module,Magento_Tax
"Subtotal (Incl.Tax)","Вкупно (со ДДВ)",module,Magento_Tax
"Shipping & Handling (Excl.Tax)","Испорака & Достава (без ДДВ)",module,Magento_Tax
"Shipping & Handling (Incl.Tax)","Испорака & Достава (со ДДВ)",module,Magento_Tax
"Grand Total (Excl.Tax)","Вкупно (без ДДВ)",module,Magento_Tax
"Grand Total (Incl.Tax)","Вкупно (со ДДВ)",module,Magento_Tax
"Shipping Address","Адреса за испорака",module,Magento_Tax
"Billing Address","Адреса за плаќање",module,Magento_Tax
"Yes (only price with tax)","Да (само цена со данок)",module,Magento_Tax
"Grand Total (Excl. Tax)","Вкупно (без ДДВ)",module,Magento_Tax
"Grand Total (Incl. Tax)","Вкупно (со ДДВ)",module,Magento_Tax
"Subtotal (Excl. Tax)","Вкупно (без ДДВ)",module,Magento_Tax
"Subtotal (Incl. Tax)","Вкупно (со ДДВ)",module,Magento_Tax
Subtotal,Вкупно,module,Magento_Tax
"customer group","група на купувачи",module,Magento_Tax
"Incl. Tax","Со ДДВ",module,Magento_Tax
"Excl. Tax","Без ДДВ",module,Magento_Tax
Save,Зачувај,module,Magento_Tax
"Grand Total Excl. Tax","Вкупно без ДДВ",module,Magento_Tax
"Grand Total Incl. Tax","Вкупно со ДДВ",module,Magento_Tax
"Save and Continue Edit","Зачивај и продолжи да изменуваш",module,Magento_Theme
"-- Please Select --","-- Ве молиме изберете --",module,Magento_Theme
"%1 Item","%1 Продукт",module,Magento_Theme
"%1 Item(s)","%1 Продукт/и",module,Magento_Theme
Previous,Претходно,module,Magento_Theme
Next,Следно,module,Magento_Theme
Show,Прикажи,module,Magento_Theme
"per page","по страна",module,Magento_Theme
status,статус,module,Magento_Ups
Category:,Категорија:,module,Magento_UrlRewrite
Name,Име,module,Magento_UrlRewrite
Status,Статус,module,Magento_UrlRewrite
Back,Назад,module,Magento_UrlRewrite
Delete,Избриши,module,Magento_UrlRewrite
Save,Зачувај,module,Magento_UrlRewrite
Description,Опис,module,Magento_UrlRewrite
Back,Назад,module,Magento_User
"First Name",Име,module,Magento_User
"Last Name",Презиме,module,Magento_User
Status,Статус,module,Magento_User
"Account Information","Информации за профилот",module,Magento_User
Password,Лозинка,module,Magento_User
"New Password","Нова лозинка",module,Magento_User
"Password Confirmation","Потврди лозинка",module,Magento_User
"Account Status","Статус на профилот",module,Magento_User
"Your Password","Вашата лозинка",module,Magento_User
"Your password reset link has expired.","Линкот за ресетирање на лозинката помина.",module,Magento_User
"Please correct this email address:","Ве молиме корегирајте ја емаил адресата:",module,Magento_User
"First Name is a required field.","Името е задолжително поле.",module,Magento_User
"Last Name is a required field.","Презимето е задолжително поле.",module,Magento_User
"Password is required field.","Лозинката е задолжителна.",module,Magento_User
"Your password must be at least %1 characters.","Лозинката мора да содржи барем %1 карактери.",module,Magento_User
"Forgot your password?","Ја заборавивте вашата лозинка?",module,Magento_User
"Reset a Password","Ресетирај лозинка",module,Magento_User
"Confirm New Password","Потврдете ја новата лозинка",module,Magento_User
"Reset Password","Ресетирај лозинка",module,Magento_User
Yes,Да,module,Magento_Usps
Tax,Данок,module,Magento_Weee
Action,Акција,module,Magento_Weee
"-- Please Select --","-- Ве молиме изберете --",module,Magento_Widget
"Save and Continue Edit","Зачивај и продолжи да изменуваш",module,Magento_Widget
Categories,Категории,module,Magento_Widget
Continue,Продолжи,module,Magento_Widget
name,име,module,Magento_Widget
description,опис,module,Magento_Widget
"My Wish List","Моја листа со желби",module,Magento_Wishlist
"You added %1 to your shopping cart.","Додадовте %1 во вашата кошничка.",module,Magento_Wishlist
"%1 items","%1 продукти",module,Magento_Wishlist
"1 item","1 продукт",module,Magento_Wishlist
"%1 product(s) have been added to shopping cart: %2.","%1 продукт/и се додадени во кошничката: %2.",module,Magento_Wishlist
Message,Порака,module,Magento_Wishlist
"Share Wish List","Сподели листа со желби",module,Magento_Wishlist
"Add All to Cart","Додади ги сите во кошничка",module,Magento_Wishlist
"Update Wish List","Ажурирај листа со желби",module,Magento_Wishlist
"Add to Cart","Додади во кошничка",module,Magento_Wishlist
"In stock","На залиха",module,Magento_Wishlist
Edit,Измени,module,Magento_Wishlist
"Remove Item","Отстрани продукт",module,Magento_Wishlist
"Remove item","Отстрани продукт",module,Magento_Wishlist
"Add to Compare","Во кошничка",module,Magento_Wishlist
"This Wish List has no Items","Оваа листа со желби нема продукти",module,Magento_Wishlist
"Options Details","Детали за опции",module,Magento_Wishlist
Back,Назад,module,Magento_Wishlist
"Wish List is empty now.","Листата со желби сега е празна.",module,Magento_Wishlist
"* Required Fields","* Задолжителни полиња",module,Magento_Wishlist
"Last Added Items","Последно додадени продукти",module,Magento_Wishlist
"Remove This Item","Отстрани го овој продукт",module,Magento_Wishlist
"Go to Wish List","Оди во листа со желби",module,Magento_Wishlist
"You have no items in your wish list.","Немате продукти во листата со желби.",module,Magento_Wishlist
Total:,Вкупно:,module,Magento_Checkout
"Add Selected Products","Додади ги селектираните продукти",module,Magento_Bundle
Cancel,Откажи,module,Magento_Catalog
"Please select items.","Ве молиме изберете продукти.",module,Magento_Catalog
"Create Category","Креирај категорија",module,Magento_Catalog
"Incl. Tax","Со ДДВ",module,Magento_ConfigurableProduct
"Are you sure you want to delete this address?","Дали сте сигурни дека сакате да ја избришете оваа адреса?",module,Magento_Customer
"Last Update","Последно Ажурирано",module,Magento_AdminNotification
Message,Порака,module,Magento_AdminNotification
Actions,Акции,module,Magento_AdminNotification
Enabled,Овозможено,module,Magento_Authorizenet
Title,Наслов,module,Magento_Authorizenet
"New Order Status","Нов статус на нарачката",module,Magento_Authorizenet
"Sender Email","Емаил на испраќач",module,Magento_Backend
"Sender Name","Име на испраќач",module,Magento_Backend
"Customer Support","Корисничка подршка",module,Magento_Backend
"Allow Countries","Дозволи држави",module,Magento_Backend
Timezone,"Временска зона",module,Magento_Backend
"First Day of Week","Прв ден во неделата",module,Magento_Backend
"Weekend Days","Викенд денови",module,Magento_Backend
"Store Name","Име на продавница",module,Magento_Backend
"Store Phone Number","Телефонски број на продавницата",module,Magento_Backend
Country,Држава,module,Magento_Backend
Region/State,Регион/State,module,Magento_Backend
"ZIP/Postal Code","Поштенски код",module,Magento_Backend
City,Град,module,Magento_Backend
"Street Address",Улица,module,Magento_Backend
"VAT Number","Даночен број",module,Magento_Backend
Security,Безбедност,module,Magento_Backend
Description,Опис,module,Magento_Backend
Tags,Ознаки,module,Magento_Backend
"<h1 class=""page-heading"">404 Error</h1><p>Page not found.</p>","<h1 class=""page-heading"">404 Error</h1><p>Страната не е пронајдена</p>",module,Magento_Backend
Delete,Избриши,module,Magento_Backup
Time,Време,module,Magento_Backup
Name,Име,module,Magento_Backup
Action,Акција,module,Magento_Backup
Title,Наслов,module,Magento_Braintree
"Stock Options","Опции на залихата",module,Magento_CatalogInventory
"
                    Please note that these settings apply to individual items in the cart, not to the entire cart.
                ","
Ве молиме нагласете дека овие поставки се применуваат на одредени продукти од кошничката, не на целата кошничка.",module,Magento_CatalogInventory
"Maximum Qty Allowed in Shopping Cart","Максимална кол. дозволена во кошничката",module,Magento_CatalogInventory
"Minimum Qty Allowed in Shopping Cart","Минимална кол. дозволена во кошничката",module,Magento_CatalogInventory
"Web Site","Веб сајт",module,Magento_CatalogRule
"Popular Search Terms","Популарни пребарувани термини",module,Magento_CatalogSearch
"All products","Сите продукти",module,Magento_Catalog
"New products","Нови продукти",module,Magento_Catalog
"Number of Products per Page","Број на продукти по страна",module,Magento_Catalog
"Number of Products to Display","Број на продукти за приказ",module,Magento_Catalog
"Change status","Промени статус",module,Magento_Catalog
Details,Детали,module,Magento_Catalog
"Enable Terms and Conditions","Овозможи правила и услови",module,Magento_CheckoutAgreements
"Shipping Address","Адреса за испорака",module,Magento_Checkout
"For delivery questions.","За прашања за испораката.",module,Magento_Checkout
"Cart Subtotal",Вкупно,module,Magento_Checkout
"Thank you for your purchase!","Ви благодариме што купувате кај нас!",module,Magento_Checkout
"Show Tax/VAT Number","Покажи даночен број",module,Magento_Customer
"Subscribe to Newsletter","Пријави се за електронски новости",module,Magento_Customer
"Unsubscribe from Newsletter","Одјави се од електронски новости",module,Magento_Customer
Phone,Телефон,module,Magento_Customer
ZIP,"Поштенски код",module,Magento_Customer
"Customer Since","Купувач од",module,Magento_Customer
"Confirmed email","Потврден емаил",module,Magento_Customer
"Tax VAT Number","Даночен број",module,Magento_Customer
"First Name",Име,module,Magento_Customer
"Last Name",Презиме,module,Magento_Customer
"Last Activity","Последна активност",module,Magento_Customer
"Customer Information","Информации за купувачот",module,Magento_Customer
Addresses,Адреси,module,Magento_Customer
"Edit Account Information","Измени ги информаџиите за профилот",module,Magento_Customer
"Password forgotten","Заборавена лозинка",module,Magento_Customer
Password,Лозинка,module,Magento_Dhl
Added,Додадено,module,Magento_Email
Updated,Ажурирано,module,Magento_Email
Password,Лозинка,module,Magento_Fedex
Description,Опис,module,Magento_Indexer
Status,Статус,module,Magento_Indexer
Updated,Ажурирано,module,Magento_Indexer
Status,Статус,module,Magento_Integration
"Allow Shipping to Multiple Addresses","Дозволи испорака на различни адреси",module,Magento_Multishipping
"Maximum Qty Allowed for Shipping to Multiple Addresses","Максимална кол. дозволена за испорака на различни адреси",module,Magento_Multishipping
"Review Order","Преглед на нарачката",module,Magento_Multishipping
"Select Shipping Method","Избери начин на испорака",module,Magento_Multishipping
"Subscription Options","Претплата за",module,Magento_Newsletter
Status,Статус,module,Magento_Newsletter
Delete,Избриши,module,Magento_Newsletter
Customer,Купувач,module,Magento_Newsletter
"Customer First Name","Име на купувач",module,Magento_Newsletter
"Customer Last Name","Презиме на купувач",module,Magento_Newsletter
"New Order Status","Нов статус на нарачката",module,Magento_OfflinePayments
"Payment Methods","Начини на плаќање",module,Magento_Payment
Position,Позиција,module,Magento_Paypal
"Display on Product Details Page","Покажи на страната со детали на продуктот",module,Magento_Paypal
"Skip Order Review Step","Прескокни го чекорот за преглед на нарачка",module,Magento_Paypal
Password,Лозинка,module,Magento_Paypal
"Sign up to be notified when this product is back in stock.","Регистрирајте продукт за да бидете известени кога овој продукт ќе биде повторно на залиха.",module,Magento_ProductAlert
"Recently Viewed/Compared Products","Последно видени/споредени продукти",module,Magento_Reports
"Recently Viewed Products","Последно видени продукти",module,Magento_Reports
"List of Products Recently Viewed by Visitor","Листа на продукти последно видени од посетител",module,Magento_Reports
"Recently Compared Products","Последно споредени продукти",module,Magento_Reports
"Ordered Quantity","Порачена количина",module,Magento_Reports
Action,Акција,module,Magento_Reports
"Last Review","Последно мислење",module,Magento_Reports
Description,Опис,module,Magento_Reports
"Allow Guests to Write Reviews","Дозволи гости да дадат мислења",module,Magento_Review
Address,Адреса,module,Magento_Sales
Name,Име,module,Magento_Sales
"Default Status","Предодреден статус",module,Magento_Sales
"Email to a Friend","Испрати на пријател",module,Magento_SendFriend
"Street Address",Улица,module,Magento_Shipping
"Shipping Methods","Начини на испорака",module,Magento_Shipping
Action,Акција,module,Magento_Sitemap
"Display Subtotal","Прикажи вкупно",module,Magento_Tax
Password,Лозинка,module,Magento_Ups
Action,Акција,module,Magento_UrlRewrite
Edit,Измени,module,Magento_UrlRewrite
Password,Лозинка,module,Magento_Usps
Width,Ширина,module,Magento_Usps
"No Items Found","Не се пронајдени продукти",module,Magento_Wishlist
"Product Name","Име на продуктот",module,Magento_Wishlist
"Days in Wish List","Денови во листата",module,Magento_Wishlist
Action,Акција,module,Magento_Wishlist
"Product Details and Comment","Детали за продуктот и коментари",module,Magento_Wishlist
